nm,name,X,y
GM,没林_啊傣巩狼,127.5405037,36.54942374
GN,没林_碍郴,127.3558095,36.5874132
NM,没林_巢捞,127.4028556,36.5643196
NB,没林_郴荐合捞,127.5576672,36.72995615
MN,没林_固盔扯己,127.6775457,36.65398534
CJ,没林_坷价,127.3223173,36.62613439
OC,没林_坷芒,127.4493008,36.73594537
OK,没林_苛魂,127.3511378,36.68935437
HD,没林_泅档,127.4340128,36.49077224
